nombre;habilidad
Greyson Ramos;Servicio al cliente
Alexander Ortiz;Creatividad
Kai Brown;Computación
Cooper Ross;Comunicación
Christopher Murphy;Servicio al cliente
Cameron Williams;Google Docs
Santiago Morgan;Trabajo en equipo
John Foster;Amabilidad
Joshua Wood;Toma de decisiones
Maverick Evans;Toma de decisiones
William Jackson;Manejo del estrés
Kayden Bennett;Comunicación oral
David Ramos;Flexibilidad
Parker Ward;Honestidad
Kayden Edwards;Gestión del tiempo
Wyatt Young;Perseverancia
Lincoln Watson;Aprendizaje rápido
John Foster;Iniciativa
Alexander Roberts;Adaptabilidad
Julian Clark;Google Docs
Santiago Morgan;Aprendizaje rápido
Leonardo Nelson;Word
Lincoln Watson;Responsabilidad
Jackson Davis;Creatividad
Lincoln Evans;Flexibilidad
David Ramos;Atención al detalle
Aiden Ward;Word
Josiah Ross;Manejo del estrés
Jack Ross;Trabajo en equipo
Dylan Gonzalez;Comunicación oral
Jace Parker;Escucha activa
Adrian Johnson;Word
Adam Nelson;Iniciativa
Lucas Van Sint;Excel
Dylan Gonzalez;Computación
Miles Nguyen;Word
Everett Alvarez;Aprendizaje rápido
Easton Torres;Trabajo en equipo
Leonardo Nelson;Colaboración
David Ramos;Paciencia
Xavier Castillo;Trabajo en equipo
Asher Nguyen;Empatía
Wesley Lee;Puntualidad
Ian Carter;Organización
Robert Rivera;Excel
Nathan Baker;Trabajo en equipo
Greyson Jimenez;Motivación
Sebastian Sanchez;Servicio al cliente
Jayden Foster;Paciencia
Nicholas Davis;Flexibilidad
Lincoln Evans;Word
Jackson Davis;Adaptabilidad
Jaxon Howard;Comunicación
Jack Anderson;Pensamiento crítico
William Jackson;Perseverancia
Nicholas Davis;Toma de decisiones
Greyson Ramos;Microsoft Office
Jaxon Howard;Toma de decisiones
Easton Torres;Comunicación
Jaxson Ramirez;Amabilidad
Leonardo Gray;Responsabilidad
Xavier Reed;PowerPoint
Xavier Patel;Microsoft Office
Jack Ross;Amabilidad
Xavier Patel;Google Docs
Colton Smith;Amabilidad
William Jackson;Trabajo en equipo
Jayden Foster;Honestidad
Adam Lopez;Responsabilidad
Joshua Wood;Pensamiento crítico
Jaxon Howard;Escucha activa
Dylan Gonzalez;Trabajo en equipo
Kai Brown;Atención al detalle
Jordan Mendoza;Motivación
Hunter Ortiz;Manejo del estrés
Adrian Johnson;Aprendizaje rápido
Leonardo Nelson;Atención al detalle
Wyatt Young;Google Docs
Benjamin Morgan;Proactividad
Lincoln Evans;Resolución de problemas
Jack Anderson;Word
Miles Jackson;Liderazgo
Ian Carter;Negociación
Kayden Bennett;Amabilidad
Leo Sanchez;Amabilidad
Benjamin Morgan;Trabajo en equipo
Adrian Johnson;Pensamiento crítico
Adrian Johnson;Google Docs
Silas Sanchez;Negociación
Alexander Ortiz;Comunicación oral
Elijah Diaz;Motivación
Parker Ward;Comunicación oral
Miles Jackson;Empatía
Asher Nguyen;Atención al detalle
Ian Carter;Flexibilidad
Silas Rivera;Empatía
Michael Bennett;Gestión del tiempo
Miles Jackson;Paciencia
Nicholas Thompson;Manejo de conflictos
Jaxon Howard;Puntualidad
Lincoln Evans;Pensamiento crítico
Cameron Williams;Gestión del tiempo
David Ramos;Microsoft Office
Everett Alvarez;Flexibilidad
Nicholas Davis;Servicio al cliente
Everett Alvarez;Proactividad
Cooper Ross;Toma de decisiones
Kayden Murphy;Responsabilidad
Easton Moore;Paciencia
Jaxon Howard;Trabajo en equipo
Mateo Flores;Iniciativa
Luca Thomas;Escucha activa
Adam Lopez;Escucha activa
Christian Lewis;Servicio al cliente
Parker Flores;Motivación
Jack Ross;Proactividad
Kayden Bennett;Word
Everett Alvarez;Pensamiento crítico
Kayden Edwards;Escucha activa
Cameron Williams;Pensamiento crítico
Santiago Morgan;Liderazgo
Elijah Diaz;Empatía
Adrian Johnson;Responsabilidad
Kayden Murphy;Colaboración
Benjamin Morgan;Computación
Alexander Ortiz;Atención al detalle
Mateo Flores;Creatividad
Elijah Diaz;Microsoft Office
Dylan Gonzalez;Proactividad
Kai Brown;Perseverancia
Maverick Evans;Flexibilidad
Adam Lopez;Empatía
Greyson Price;Aprendizaje rápido
Joshua Wood;Comunicación escrita
Logan Kelly;Amabilidad
Henry Brown;Perseverancia
Leo Sanchez;Excel
Nathan Baker;Excel
Silas Rivera;Perseverancia
David Ramos;Pensamiento crítico
Adam Lopez;Paciencia
Adam Lopez;Negociación
Adam Wood;Iniciativa
Alexander Roberts;Flexibilidad
Jace Gonzalez;Resolución de problemas
Jack Castillo;Flexibilidad
Hudson Lee;Atención al detalle
Connor Hernandez;Amabilidad
Lincoln Evans;Paciencia
Joshua Wood;Proactividad
Jackson Davis;Organización
Benjamin Morgan;Resolución de problemas
Colton Smith;Aprendizaje rápido
Robert Rivera;Flexibilidad
Kayden Murphy;Comunicación oral
Parker Ward;Pensamiento crítico
Xavier Reed;Negociación
Adam Wilson;Flexibilidad
Colton Smith;Flexibilidad
Isaiah Baker;Manejo de conflictos
Adam Nelson;Negociación
Mateo Flores;Microsoft Office
Jack Castillo;Adaptabilidad
Adam Wilson;Atención al detalle
Henry Brown;Organización
Silas Sanchez;Empatía
Cooper Ross;Microsoft Office
Colton Smith;Organización
Henry Brown;Comunicación
Leo Sanchez;Responsabilidad
Leo Sanchez;Trabajo en equipo
Jayden Foster;Proactividad
William Watson;Resolución de problemas
Lincoln Watson;Empatía
Alexander Ortiz;Word
Oliver Scott;Trabajo en equipo
Nathan Baker;Responsabilidad
Jayden Foster;Pensamiento crítico
Lincoln Watson;Flexibilidad
Jaxson Ramirez;Pensamiento crítico
Carson Morris;Servicio al cliente
Jayden Foster;Responsabilidad
Alexander Roberts;Pensamiento crítico
Axel Roberts;Gestión del tiempo
Josiah Ross;Atención al detalle
Adrian Johnson;Motivación
David Ramos;Trabajo en equipo
Kai Flores;Amabilidad
Axel Roberts;Escucha activa
Greyson Price;Amabilidad
Adam Wood;Paciencia
Nathan Baker;Adaptabilidad
William Gutierrez;Adaptabilidad
Kayden Bennett;Puntualidad
Santiago Morgan;Manejo del estrés
Dylan Nguyen;Perseverancia
Adam Wood;Word
Easton Moore;Word
Ian Carter;Perseverancia
Aiden Ward;Creatividad
Liam Phillips;Atención al detalle
Adrian Johnson;Puntualidad
David Ramos;Escucha activa
Dylan Moore;Word
Joshua Wood;Paciencia
Oliver Scott;Excel
Jaxon Howard;Honestidad
Christian Lewis;Comunicación escrita
Jace Gonzalez;Toma de decisiones
Jace Gonzalez;Computación
Jaxson Ramirez;Toma de decisiones
Hunter Ortiz;Paciencia
Dylan Howard;Google Docs
Benjamin Morgan;Iniciativa
Easton Gray;Pensamiento crítico
Greyson Ramos;Trabajo en equipo
Oliver Scott;Colaboración
Miles Nguyen;Resolución de problemas
Wesley Lee;Honestidad
Ezra Patel;Empatía
Alexander Ortiz;Aprendizaje rápido
Parker Ward;Liderazgo
Everett Alvarez;Puntualidad
John Foster;Liderazgo
Alexander Roberts;Atención al detalle
Xavier Patel;Gestión del tiempo
Luca Thomas;Trabajo en equipo
Cameron Williams;Negociación
Nathan Baker;Puntualidad
Logan Kelly;Puntualidad
Ezra Patel;Trabajo en equipo
Cooper Ross;Flexibilidad
Jack Ross;Motivación
Xavier Castillo;PowerPoint
Alexander Roberts;Manejo de conflictos
Jayden Foster;Amabilidad
Miles Jackson;Puntualidad
Easton Moore;Computación
Dylan Howard;Negociación
Lincoln Watson;Escucha activa
Joseph Roberts;Servicio al cliente
Miles Jackson;Honestidad
Miles Jackson;Perseverancia
Jordan Mendoza;Word
Carson Cook;Toma de decisiones
Jack Ross;PowerPoint
Kayden Bennett;Proactividad
David Ramos;Motivación
Joshua Wood;Amabilidad
Colton Smith;Responsabilidad
Michael Bennett;Comunicación oral
Greyson Jimenez;Microsoft Office
Jace Gonzalez;Iniciativa
David Ramos;Excel
Nicholas Davis;Manejo del estrés
Miles Jackson;Google Docs
Parker Ward;Excel
Hunter Ortiz;Colaboración
Greyson Ramos;Comunicación oral
Kayden Murphy;Servicio al cliente
Leonardo Nelson;Organización
Logan Kelly;Manejo del estrés
Isaiah Baker;Servicio al cliente
David Ramos;Google Docs
Hudson Lee;Flexibilidad
Lincoln Watson;Google Docs
Ezra Patel;Manejo de conflictos
Alexander Ortiz;Servicio al cliente
Parker Flores;Word
Jack Castillo;Amabilidad
Easton Moore;Liderazgo
Jayden Foster;Atención al detalle
Cameron Williams;Resolución de problemas
Nathan Baker;Servicio al cliente
Cameron Williams;Toma de decisiones
John Foster;Comunicación escrita
Jace Gonzalez;Adaptabilidad
Miles Jackson;Negociación
Mateo Flores;Paciencia
Cameron Williams;Comunicación oral
Miles Jackson;Colaboración
Dylan Howard;Excel
Connor Hernandez;Creatividad
Nicholas Davis;Negociación
Silas Sanchez;Flexibilidad
Aiden Ward;Amabilidad
Colton Smith;Google Docs
Jace Parker;Comunicación oral
Nathan Baker;Empatía
Jack Anderson;Puntualidad
John Morales;Gestión del tiempo
William Watson;Trabajo en equipo
Aiden Ward;Google Docs
Logan Kelly;Comunicación
Jaxon Howard;Responsabilidad
John Foster;Manejo de conflictos
Liam Phillips;Honestidad
Lincoln Watson;Computación
Michael Cruz;Manejo de conflictos
Adrian Gomez;Trabajo en equipo
Easton Torres;Google Docs
Lincoln Evans;Comunicación escrita
William Watson;Microsoft Office
Jaxson Ramirez;Organización
Elijah Diaz;Comunicación escrita
Miles Jackson;Motivación
Wyatt Young;Pensamiento crítico
Greyson Jimenez;Word
Nicholas Davis;Escucha activa
Parker Ward;Aprendizaje rápido
Lincoln Evans;Atención al detalle
Jackson Davis;Comunicación escrita
Michael Cruz;Negociación
Kai Flores;Motivación
Cooper Ross;Escucha activa
David Ramos;Perseverancia
William Jackson;Flexibilidad
Julian Clark;Aprendizaje rápido
Adrian Johnson;Computación
Everett Alvarez;Trabajo en equipo
Miles Jackson;Creatividad
Adrian Gomez;Toma de decisiones
Wesley Lee;Microsoft Office
Oliver Scott;Aprendizaje rápido
Dylan Howard;Microsoft Office
Parker Flores;Atención al detalle
Miles Jackson;Adaptabilidad
Jace Gonzalez;Honestidad
Christopher Murphy;Motivación
Benjamin Morgan;Google Docs
Leonardo Nelson;Toma de decisiones
Oliver Scott;Paciencia
Elijah Diaz;Perseverancia
Hunter Ortiz;Comunicación oral
John Foster;Paciencia
Wesley Lee;Creatividad
Santiago Morgan;Google Docs
Jaxson Ramirez;Comunicación oral
Colton Patel;Toma de decisiones
Jaxson Ramirez;Perseverancia
Kayden Bennett;Comunicación escrita
Wesley Lee;Computación
William Watson;Puntualidad
Lincoln Evans;Iniciativa
Benjamin Morgan;Comunicación escrita
Joshua Wood;Trabajo en equipo
Hunter Ortiz;Toma de decisiones
Dylan Gonzalez;Escucha activa
Landon Sanchez;Adaptabilidad
Silas Sanchez;Responsabilidad
Carson Cook;Servicio al cliente
Oliver Scott;Creatividad
Colton Smith;PowerPoint
Dylan Howard;Atención al detalle
Joshua Wood;Aprendizaje rápido
Carson Cook;Puntualidad
Jaxon Howard;Motivación
Jace Parker;Word
Kayden Bennett;Servicio al cliente
Greyson Jimenez;Comunicación oral
Cameron Williams;Atención al detalle
Miles Nguyen;Motivación
Everett Alvarez;Manejo de conflictos
Robert Rivera;Trabajo en equipo
Logan Kelly;Computación
Adam Wood;Resolución de problemas
Asher Nguyen;Creatividad
Isaiah Baker;Iniciativa
John Foster;Colaboración
Adam Wood;Aprendizaje rápido
William Watson;Negociación
Oliver Scott;Amabilidad
Greyson Jimenez;Comunicación escrita
Greyson Price;Flexibilidad
Dylan Moore;Gestión del tiempo
Cooper Ross;Comunicación escrita
Axel Roberts;Flexibilidad
Cameron Williams;Flexibilidad
Miles Nguyen;Iniciativa
Alexander Roberts;Organización
Connor Hernandez;Negociación
Everett Alvarez;Comunicación oral
Josiah Ross;Resolución de problemas
Asher Nguyen;Flexibilidad
Asher Nguyen;Responsabilidad
Hudson Lee;Escucha activa
John Morales;Liderazgo
William Jackson;Empatía
Nathan Baker;Organización
Nathan Baker;Proactividad
Hudson Lee;Computación
Joseph Roberts;Colaboración
Jordan Mendoza;Comunicación oral
Asher Nguyen;Amabilidad
Oliver Scott;Empatía
Oliver Scott;Gestión del tiempo
Kai Brown;Adaptabilidad
Robert Rivera;Google Docs
Parker Flores;Flexibilidad
Parker Flores;Pensamiento crítico
Wesley Lee;Servicio al cliente
Lincoln Watson;Atención al detalle
Lincoln Watson;Colaboración
Landon Sanchez;Colaboración
Aiden Ward;Trabajo en equipo
Ezra Patel;Paciencia
Connor Hernandez;Iniciativa
Mateo Flores;PowerPoint
Leonardo Gray;Colaboración
William Watson;Organización
Benjamin Morgan;Organización
Dylan Gonzalez;Amabilidad
William Reed;Atención al detalle
William Jackson;Computación
Adam Nelson;Responsabilidad
Jace Gonzalez;Liderazgo
William Watson;Honestidad
Xavier Castillo;Empatía
Michael Bennett;Computación
Landon Sanchez;Comunicación
Lincoln Evans;Responsabilidad
Isaiah Baker;Toma de decisiones
Dylan Gonzalez;Negociación
Leonardo Gray;Flexibilidad
Jaxon Howard;Word
Everett Alvarez;Colaboración
Jaxon Howard;Microsoft Office
Landon Sanchez;Paciencia
Julian Clark;Servicio al cliente
Joshua Wood;Motivación
William Jackson;Pensamiento crítico
Dylan Nguyen;Word
Miles Nguyen;Liderazgo
Jaxson Ramirez;Liderazgo
Alexander Ortiz;Negociación
Dylan Moore;Excel
Easton Gray;Computación
Oliver Scott;Pensamiento crítico
Dylan Howard;Puntualidad
Everett Alvarez;Paciencia
Santiago Morgan;Negociación
William Gutierrez;Manejo del estrés
Jack Ross;Pensamiento crítico
Colton Patel;Trabajo en equipo
Leonardo Gray;Resolución de problemas
Dylan Howard;Flexibilidad
Adrian Johnson;Creatividad
Oliver Scott;Computación
Carson Morris;Resolución de problemas
Adam Nelson;Creatividad
Connor Hernandez;Perseverancia
Dylan Howard;Computación
Kayden Murphy;Trabajo en equipo
Miles Nguyen;Trabajo en equipo
Sebastian Sanchez;Pensamiento crítico
Robert Rivera;Toma de decisiones
Cameron Williams;Creatividad
Adam Wood;Excel
Liam Phillips;Aprendizaje rápido
Santiago Morgan;Honestidad
Cooper Ross;Organización
William Jackson;Puntualidad
Ian Carter;Creatividad
Dylan Moore;Honestidad
Logan Kelly;Proactividad
Dylan Howard;Toma de decisiones
Carson Morris;Puntualidad
Joseph Roberts;Computación
Kai Flores;Negociación
Ezra Patel;Resolución de problemas
Leonardo Gray;Motivación
Lucas Van Sint;Computación
Robert Rivera;Paciencia
Jaxson Ramirez;Iniciativa
Xavier Reed;Amabilidad
Connor Hernandez;Motivación
Jaxson Ramirez;Atención al detalle
Christopher Murphy;Microsoft Office
Asher Nguyen;Liderazgo
Axel Roberts;Organización
Easton Moore;Pensamiento crítico
Asher Nguyen;Gestión del tiempo
Adam Wood;Microsoft Office
Jaxson Ramirez;Aprendizaje rápido
Leo Sanchez;Negociación
Julian Gutierrez;Microsoft Office
Wesley Lee;Pensamiento crítico
Alexander Roberts;Escucha activa
Logan Kelly;Excel
Easton Moore;Proactividad
Jaxon Howard;Google Docs
Jordan Mendoza;Amabilidad
Xavier Patel;Flexibilidad
Alexander Roberts;Negociación
Parker Ward;Amabilidad
Colton Smith;Colaboración
Jaxson Ramirez;Adaptabilidad
Adam Nelson;Puntualidad
Hunter Ortiz;Excel
Santiago Morgan;Computación
Parker Flores;Comunicación escrita
Jace Parker;Honestidad
Nicholas Davis;Microsoft Office
Wyatt Young;Comunicación
Greyson Ramos;Puntualidad
Logan Kelly;Resolución de problemas
Nicholas Davis;Puntualidad
Adam Nelson;Organización
Hunter Ortiz;Organización
Jaxon Howard;Comunicación oral
Leonardo Nelson;Trabajo en equipo
William Gutierrez;Manejo de conflictos
Jayden Foster;Comunicación escrita
Ian Carter;Paciencia
Xavier Patel;Toma de decisiones
Mateo Flores;Comunicación escrita
Hunter Ortiz;Pensamiento crítico
Greyson Jimenez;Pensamiento crítico
Silas Sanchez;Trabajo en equipo
Silas Rivera;Puntualidad
Julian Clark;Colaboración
Jameson Morris;Perseverancia
Alexander Roberts;Amabilidad
Adrian Gomez;Adaptabilidad
Ezra Patel;Escucha activa
Nicholas Davis;Word
Jack Castillo;Responsabilidad
Jaxson Ramirez;Paciencia
Asher Nguyen;Toma de decisiones
Jameson Morris;Comunicación escrita
Silas Sanchez;Computación
Greyson Ramos;Gestión del tiempo
Logan Kelly;Aprendizaje rápido
Adam Wood;Comunicación escrita
William Gutierrez;Resolución de problemas
Lincoln Evans;Comunicación
Oliver Harris;Proactividad
Easton Moore;Manejo de conflictos
Jack Ross;Honestidad
Axel Roberts;Servicio al cliente
Cameron Williams;Perseverancia
Oliver Scott;Microsoft Office
John Morales;Toma de decisiones
Leonardo Gray;Comunicación oral
Oliver Harris;Servicio al cliente
Kai Flores;Responsabilidad
Axel Roberts;Creatividad
Jack Ross;Adaptabilidad
Alexander Roberts;Resolución de problemas
Jaxson Ramirez;Comunicación
Cooper Ross;Amabilidad
Wesley Lee;Manejo del estrés
Silas Rivera;Comunicación
William Jackson;Servicio al cliente
Ezra Patel;Motivación
Lincoln Watson;Manejo de conflictos
Benjamin Morgan;Aprendizaje rápido
Cooper Ross;Puntualidad
Leonardo Nelson;Amabilidad
Axel Roberts;Atención al detalle
Nicholas Davis;Creatividad
Isaiah Baker;Puntualidad
Aiden Ward;Iniciativa
Alexander Roberts;Computación
Ian Carter;Computación
Henry Brown;Pensamiento crítico
Mateo Flores;Trabajo en equipo
Adrian Johnson;Adaptabilidad
Luca Thomas;Responsabilidad
Ezra Patel;PowerPoint
John Morales;Excel
Logan Kelly;Responsabilidad
Alexander Roberts;Creatividad
Jayden Foster;Comunicación oral
Axel Roberts;Trabajo en equipo
Easton Torres;Honestidad
Adam Wood;Honestidad
Isaiah Baker;Aprendizaje rápido
Wesley Lee;Google Docs
Greyson Jimenez;Empatía
Axel Roberts;Comunicación oral
Jameson Morris;Gestión del tiempo
Greyson Ramos;Manejo del estrés
Nicholas Davis;Organización
Silas Rivera;Creatividad
Silas Rivera;Flexibilidad
Silas Rivera;Liderazgo
Colton Patel;Motivación
John Foster;Manejo del estrés
Adam Wood;Comunicación
Leo Sanchez;Pensamiento crítico
Dylan Howard;Paciencia
John Foster;Comunicación oral
Santiago Morgan;Comunicación
Jace Parker;Empatía
Jordan Mendoza;Puntualidad
Hunter Ortiz;Gestión del tiempo
Hunter Ortiz;Resolución de problemas
Dylan Gonzalez;Pensamiento crítico
Leonardo Nelson;Pensamiento crítico
Josiah Ross;Comunicación
Silas Sanchez;Iniciativa
Sebastian Sanchez;Microsoft Office
Alexander Ortiz;Colaboración
William Watson;Manejo de conflictos
Aiden Ward;Pensamiento crítico
Parker Ward;Computación
Hudson Lee;Comunicación escrita
Julian Gutierrez;Excel
Joseph Roberts;Creatividad
Greyson Jimenez;Atención al detalle
Wesley Lee;Perseverancia
David Ramos;Servicio al cliente
Adam Wood;Proactividad
Silas Rivera;Atención al detalle
Easton Moore;Resolución de problemas
Silas Sanchez;Resolución de problemas
Jayden Foster;Toma de decisiones
Jordan Mendoza;Google Docs
Jaxon Howard;Empatía
Logan Kelly;Paciencia
Leonardo Nelson;Negociación
Maverick Evans;Manejo de conflictos
Alexander Ortiz;Comunicación escrita
Jayden Foster;Organización
Dylan Nguyen;Pensamiento crítico
Jaxon Howard;Manejo del estrés
Oliver Scott;Iniciativa
Christian Lewis;Escucha activa
Colton Smith;Trabajo en equipo
Colton Smith;Adaptabilidad
Nicholas Davis;Google Docs
Wyatt Young;Microsoft Office
Wesley Lee;Proactividad
Ian Carter;Gestión del tiempo
Kayden Bennett;Adaptabilidad
Everett Alvarez;Comunicación
Dylan Howard;Honestidad
Everett Alvarez;Perseverancia
Elijah Diaz;Comunicación oral
Asher Nguyen;Google Docs
Hudson Lee;Paciencia
Colton Smith;Servicio al cliente
Wyatt Young;Comunicación escrita
Cameron Williams;Trabajo en equipo
Lincoln Watson;Adaptabilidad
William Watson;Colaboración
Ian Carter;Google Docs
Wyatt Young;Resolución de problemas
Joseph Roberts;Resolución de problemas
Greyson Jimenez;Puntualidad
Nicholas Davis;Iniciativa
William Jackson;Organización
Mateo Flores;Word
Miles Nguyen;Aprendizaje rápido
Julian Gutierrez;Empatía
William Reed;Colaboración
Parker Flores;Trabajo en equipo
Dylan Moore;Responsabilidad
Liam Phillips;Word
Axel Roberts;Aprendizaje rápido
Kai Brown;Organización
Silas Sanchez;Colaboración
Logan Kelly;Manejo de conflictos
Greyson Price;Negociación
Wesley Lee;Liderazgo
Kayden Bennett;Escucha activa
Michael Bennett;Comunicación escrita
Joshua Wood;Atención al detalle
Lincoln Watson;Amabilidad
John Morales;Comunicación oral
Colton Smith;Iniciativa
Ezra Patel;Puntualidad
Wyatt Young;Aprendizaje rápido
Asher Nguyen;Motivación
Leo Sanchez;Manejo del estrés
Colton Patel;Aprendizaje rápido
Dylan Gonzalez;Empatía
Parker Flores;PowerPoint
Santiago Morgan;Paciencia
Adrian Gomez;Servicio al cliente
Hunter Ortiz;Amabilidad
Miles Nguyen;PowerPoint
Sebastian Sanchez;Computación
Jaxson Ramirez;Computación
Alexander Roberts;Liderazgo
David Ramos;Negociación
Adam Wilson;Gestión del tiempo
John Foster;Negociación
John Foster;Perseverancia
Jace Gonzalez;Escucha activa
Wyatt Young;Gestión del tiempo
Joseph Roberts;Comunicación escrita
Lucas Van Sint;Toma de decisiones
Sebastian Sanchez;Liderazgo
Joseph Roberts;Escucha activa
Benjamin Morgan;Manejo de conflictos
John Morales;Servicio al cliente
John Foster;Toma de decisiones
Kayden Bennett;Google Docs
Santiago Morgan;Creatividad
William Jackson;Comunicación oral
Silas Rivera;Pensamiento crítico
Kayden Bennett;Pensamiento crítico
Axel Roberts;Manejo del estrés
Adam Wood;Servicio al cliente
Hunter Ortiz;Servicio al cliente
Silas Sanchez;Puntualidad
Wyatt Young;Toma de decisiones
Michael Bennett;Responsabilidad
William Jackson;Honestidad
Santiago Morgan;Gestión del tiempo
Kayden Bennett;Colaboración
Wesley Lee;PowerPoint
Miles Nguyen;Adaptabilidad
Kayden Murphy;PowerPoint
Carson Morris;Comunicación
Axel Roberts;Resolución de problemas
Lucas Van Sint;Escucha activa
Dylan Nguyen;Proactividad
Dylan Nguyen;Puntualidad
Parker Ward;Negociación
Jordan Mendoza;PowerPoint
Lincoln Evans;Comunicación oral
Adam Nelson;PowerPoint
Carson Morris;Flexibilidad
Lincoln Watson;Comunicación escrita
Kai Brown;Proactividad
Alexander Roberts;Colaboración
Adrian Johnson;Comunicación
Julian Gutierrez;Puntualidad
Oliver Scott;Proactividad
Kayden Murphy;Microsoft Office
Joseph Roberts;Pensamiento crítico
Xavier Patel;Resolución de problemas
Robert Rivera;Word
Carson Morris;Organización
Nicholas Thompson;Aprendizaje rápido
Jaxson Ramirez;Excel
Silas Rivera;Organización
Christian Lewis;Responsabilidad
Aiden Ward;Flexibilidad
Adrian Johnson;Paciencia
Kayden Murphy;Empatía
Parker Ward;Atención al detalle
Greyson Ramos;Escucha activa
Michael Cruz;Toma de decisiones
Kayden Murphy;Perseverancia
Jaxon Howard;Resolución de problemas
Dylan Moore;Servicio al cliente
Kayden Edwards;Resolución de problemas
Hunter Ortiz;Google Docs
Nathan Baker;Manejo del estrés
Joshua Wood;Word
John Foster;Trabajo en equipo
Hudson Lee;Word
Cameron Williams;Paciencia
Oliver Harris;Aprendizaje rápido
Santiago Morgan;Servicio al cliente
Adrian Gomez;Gestión del tiempo
Wesley Lee;Resolución de problemas
Everett Alvarez;Manejo del estrés
Alexander Ortiz;Gestión del tiempo
Hunter Ortiz;Motivación
Parker Flores;Microsoft Office
David Ramos;Word
Leonardo Gray;PowerPoint
Miles Nguyen;Paciencia
Silas Rivera;Honestidad
Miles Jackson;Resolución de problemas
John Foster;Creatividad
Everett Alvarez;Gestión del tiempo
Oliver Scott;Perseverancia
Axel Roberts;Perseverancia
Adam Nelson;Comunicación escrita
Adrian Johnson;Proactividad
Ezra Patel;Atención al detalle
Axel Roberts;Computación
John Morales;Google Docs
Liam Phillips;Colaboración
Wyatt Young;Negociación
John Morales;Honestidad
Kai Brown;PowerPoint
Dylan Moore;Negociación
Parker Ward;Adaptabilidad
Leo Sanchez;Creatividad
Dylan Gonzalez;Excel
Parker Ward;Flexibilidad
Silas Rivera;PowerPoint
Parker Ward;Trabajo en equipo
Dylan Howard;PowerPoint
Nicholas Thompson;Microsoft Office
Kayden Edwards;Google Docs
Liam Phillips;Adaptabilidad
William Reed;Iniciativa
John Foster;Escucha activa
Mateo Flores;Colaboración
Jack Ross;Organización
Leonardo Gray;Organización
John Morales;Microsoft Office
Jace Gonzalez;Negociación
Xavier Patel;Amabilidad
Easton Gray;Aprendizaje rápido
Dylan Gonzalez;Aprendizaje rápido
Connor Hernandez;Manejo de conflictos
Aiden Ward;Responsabilidad
Dylan Howard;Comunicación
Nicholas Davis;Pensamiento crítico
Parker Flores;Puntualidad
John Morales;Resolución de problemas
Alexander Ortiz;Excel
Cooper Ross;Paciencia
Leonardo Nelson;Resolución de problemas
Alexander Roberts;Empatía
Santiago Morgan;Flexibilidad
Cameron Williams;Manejo del estrés
Cooper Ross;Motivación
Adam Wilson;Resolución de problemas
Dylan Nguyen;Negociación
Everett Alvarez;PowerPoint
Adrian Gomez;Paciencia
Liam Phillips;Trabajo en equipo
Cooper Ross;Comunicación oral
Greyson Ramos;Paciencia
Kayden Murphy;Excel
Elijah Diaz;Google Docs
Kayden Bennett;Gestión del tiempo
Mateo Flores;Gestión del tiempo
Ezra Patel;Comunicación escrita
Jace Gonzalez;Empatía
Xavier Patel;Paciencia
Elijah Diaz;Adaptabilidad
Kayden Bennett;Manejo de conflictos
Jayden Foster;Creatividad
Greyson Ramos;Responsabilidad
Jace Gonzalez;Perseverancia
Sebastian Sanchez;Google Docs
Jack Castillo;Organización
Mateo Flores;Liderazgo
Christopher Murphy;Excel
Jayden Foster;Puntualidad
Kayden Bennett;Atención al detalle
Leo Sanchez;Atención al detalle
Easton Moore;Organización
Adam Nelson;Toma de decisiones
Julian Clark;Word
Greyson Ramos;Aprendizaje rápido
Silas Sanchez;Word
Jayden Foster;Motivación
Carson Cook;Excel
Ian Carter;Iniciativa
Dylan Howard;Creatividad
Adam Wood;Flexibilidad
Leonardo Gray;Trabajo en equipo
Jack Anderson;Honestidad
Luca Thomas;Motivación
Miles Jackson;Comunicación oral
Joseph Roberts;Manejo de conflictos
Leo Sanchez;Honestidad
Julian Clark;Negociación
Jace Gonzalez;Pensamiento crítico
Benjamin Morgan;Motivación
Silas Sanchez;Toma de decisiones
Adrian Johnson;Resolución de problemas
Liam Phillips;Comunicación oral
Joseph Roberts;Trabajo en equipo
Hunter Ortiz;Empatía
John Morales;Organización
Mateo Flores;Amabilidad
